{"2020.10.03 ~ 2020.10.03": ["『FUN윈드오케스트라 제7회 정기연주회 ‘제주 나팔소리로의 초대’』", "문예회관대극장", "시간: 18:00", "단기"], "2020.10.10 ~ 2020.10.10": ["『제주윈드오케스트라 제13회 정기연주회』", "문예회관대극장", "시간: 19:30", "단기"], "2020.10.16 ~ 2020.10.17": ["『제30회 탐라합창제』", "문예회관대극장", "시간: 14:00", "단기"], "2020.10.18 ~ 2020.10.18": ["『제12회 제주색소폰 앙상블 정기연주회』", "문예회관대극장", "시간: 16:00", "단기"], "2020.10.23 ~ 2020.10.23": [" 제주도립 서귀포합창단 제66회 정기연주회 연습", "예술의전당대극장", "시간: 오전 10시 0분~오전 12시 0분", "단기"], "2020.10.25 ~ 2020.10.25": ["『제라한싱어즈 제6회 정기연주회』", "문예회관대극장", "시간: 15:30", "단기"], "2020.10.29 ~ 2020.10.29": ["철수 김품창 제주 202020展  (부재-제주20주년기념 展)", "예술의전당전시실", "시간: 오전 9시 0분~오후 6시 0분", "단기"], "2020.10.30 ~ 2020.10.30": [" 성악인재개발프로젝트 문화를 꿈꾸며 삶을 노래하며(온라인 녹화중계)", "예술의전당대극장", "시간: 오후 7시 30분~오후 9시 30분", "단기"], "2020.10.31 ~ 2020.11.01": ["『2020 제주전국국악대전』", "문예회관소극장", "시간: 10:30", "단기"], "2020.10.08 ~ 2020.10.08": ["『전국시조 가사가곡 경창대회』", "문예회관소극장", "시간: 09:00", "단기"], "2020.10.11 ~ 2020.10.11": ["『제주 beau piano duo 워크샵』", "문예회관소극장", "시간: 18:00", "단기"], "2020.10.22 ~ 2020.10.25": ["『제5회 제주 더불어-놀다 연극제』", "문예회관소극장", "시간: 19:30", "단기"], "2020.10.17 ~ 2020.10.17": [" 건반위은파 앙상블음악회 5회<오르간&피아노Ⅱ>-온라인 녹화 중계", "예술의전당대극장", "시간: 오후 7시 30분~오후 9시 0분", "단기"], "2020.10.20 ~ 2020.10.20": ["『제5회 제주 더불어-놀다 연극제』", "문예회관소극장", "시간: 19:30", "단기"], "2020.10.12 ~ 2020.10.12": [" 김품창 제주 202020展  (부재-제주20주년기념 展)", "예술의전당전시실", "시간: 오전 9시 0분~오후 6시 0분", "단기"], "2020.10.13 ~ 2020.10.28": [" 김품창 제주 202020展  (부재-제주20주년기념 展)", "예술의전당전시실", "시간: 오전 10시 0분~오후 6시 0분", "장기"], "2020.10.13 ~ 2020.10.14": [" 도립서귀포관악단 제68회 정기연주회 무대설치", "예술의전당대극장", "시간: 오전 9시 0분~오후 6시 0분", "단기"], "2020.10.15 ~ 2020.10.15": [" 도립서귀포관악단 제68회 정기연주회(온라인 녹화중계)", "예술의전당대극장", "시간: 오후 3시 30분~오후 5시 0분", "단기"], "2020.10.16 ~ 2020.10.16": [" 제주도립 서귀포합창단 제66회 정기연주회 연습", "예술의전당대극장", "시간: 오전 10시 0분~오전 12시 0분", "단기"], "2020.10.20 ~ 2020.10.21": [" 제주도립 서귀포합창단 제66회 정기연주회 연습", "예술의전당대극장", "시간: 오전 10시 0분~오후 12시 0분", "단기"], "2020.10.24 ~ 2020.10.24": [" 요한세바스찬 바흐 국제페스티벌 콩쿨(비대면 공연)", "예술의전당소극장", "시간: 오전 9시 30분~오후 5시 0분", "단기"], "2020.10.25 ~ 2020.10.26": [" 대한민국 해군 호국음악회", "예술의전당대극장", "시간: 오전 9시 0분~오후 6시 0분", "단기"], "2020.10.27 ~ 2020.10.27": [" 대한민국 해군 호국음악회(온라인 실황중계)", "예술의전당대극장", "시간: 오후 8시 0분~오후 10시 0분", "단기"], "2020.10.28 ~ 2020.10.29": [" 제주도립 서귀포합창단 제66회 정기연주회 연습", "예술의전당대극장", "시간: 오전 10시 0분~오전 12시 0분", "단기"], "2020.10.31 ~ 2020.10.31": [" 성악인재개발프로젝트 문화를 꿈꾸며 삶을 노래하며(온라인 녹화중계)", "예술의전당대극장", "시간: 오후 7시 0분~오후 9시 0분", "단기"], "2020. 10. 06": ["음악극-해녀 양의헌", "제주아트센터 대극장", NaN, "단기"], "2020. 10. 07": ["제59회 탐라문화제 개막공연", "제주아트센터 대극장", NaN, "단기"], "2020. 10. 18": ["창작연극-홍윤애의  비가", "제주아트센터 대극장", NaN, "단기"], "2020. 10. 27": ["우리가곡-제주의노래", "제주아트센터 대극장", NaN, "단기"], "2020. 10. 29": ["도립교향악단 제151정기연주회", "제주아트센터 대극장", NaN, "단기"]}